Name,Email,Password,Role
user1,user1@example.com,123123,User
user2,user2@example.com,123123,User
user3,user3@example.com,123123,User
user4,user4@example.com,123123,User
user5,user5@example.com,123123,User
user6,user6@example.com,123123,User
user7,user7@example.com,123123,User
user8,user8@example.com,123123,User
user9,user9@example.com,123123,User
user10,user10@example.com,123123,User
user11,user11@example.com,123123,User
user12,user12@example.com,123123,User
user13,user13@example.com,123123,User
user14,user14@example.com,123123,User
user15,user15@example.com,123123,User
user16,user16@example.com,123123,User
user17,user17@example.com,123123,User
user18,user18@example.com,123123,User
user19,user19@example.com,123123,User
user20,user20@example.com,123123,User
user21,user21@example.com,123123,User
user22,user22@example.com,123123,User
user23,user23@example.com,123123,User
